Batch Size,Activation,Hidden Size,Num Layers,Dropout,Learning Rate,Epochs,MSE,RMSE,MAE,MAPE,R2
32,leaky_relu,192,2,0.1,0.0005,100,10.814336776733398,3.2885158927293325,2.526886463165283,13.841468095779419,0.7132052183151245
32,leaky_relu,256,2,0.1,0.0005,100,10.925801277160645,3.3054199849883896,2.541719913482666,13.85084092617035,0.710249125957489
32,elu,192,2,0.1,0.0005,100,11.293330192565918,3.360555042335405,2.5878360271453857,14.450123906135559,0.700502336025238
32,elu,256,2,0.1,0.0005,100,11.563501358032227,3.4005148666095,2.6311957836151123,14.711704850196838,0.6933374404907227
