Batch Size,Activation,Hidden Size,Num Layers,Dropout,Learning Rate,Epochs,MSE,RMSE,MAE,MAPE,R2
32,leaky_relu,192,2,0.1,0.0005,150,10.856799125671387,3.294965724506309,2.528691530227661,13.850444555282593,0.7120790481567383
32,leaky_relu,256,2,0.1,0.0005,150,10.911638259887695,3.303276897247292,2.5428969860076904,13.938440382480621,0.7106246948242188
32,elu,256,2,0.1,0.0005,150,11.138129234313965,3.337383591125534,2.5727884769439697,14.383888244628906,0.7046182155609131
32,elu,192,2,0.1,0.0005,150,11.449488639831543,3.383709301909894,2.6089885234832764,14.58798199892044,0.6963610053062439
