MSE,RMSE,MAE,MAPE,R²
16.83014338939628,4.1024557754345485,3.394388177948506,17.71196967970339,0.24198706635896627
16.636010104876718,4.078726529797838,3.376526163997991,17.624674092405165,0.24729793283209256
17.271873714325547,4.155944382968274,3.4049204322080193,17.483490807026293,0.244057001093688
17.45882579188985,4.178375975410764,3.4440985863891824,17.83755266960104,0.2459663384175229
17.649685911283342,4.201152926433807,3.4531791022732214,17.802625991751196,0.22587072668771502
