MSE,RMSE,MAE,MAPE,R²
18.86922020707114,4.343871568896938,3.5849211492138773,18.678158043907906,0.25839481039323553
19.562166161577586,4.422913763750949,3.657475466833681,19.20373939809533,0.23961296943610677
19.6432637701044,4.432072175642495,3.6618924358809783,19.075812413756722,0.25789755164783024
18.321549853023182,4.280367957667096,3.5018191651776176,18.159820149549862,0.27661307551850234
18.87310034574404,4.34431816810694,3.559690095770484,18.36421679529644,0.2523950384249074
