MSE,RMSE,MAE,MAPE,R²
8.193704159158818,2.8624647000720933,2.177811772104924,11.808331728616404,0.5702211938278634
452.2578377089719,21.266354593793736,20.81031712842721,99.45100031057339,-20.302515498073813
459.00278391271695,21.42435025648892,20.969798887212434,99.48293564064824,-18.217307765886638
10.193046671704197,3.1926551131784024,2.5300379383424367,11.986333217675277,0.4816605780093035
420.6782234251723,20.510441814480064,20.091022401555378,99.69834823830907,-18.091167985368774
