MSE,RMSE,MAE,MAPE,R²
18.74889789264934,4.329999756656961,3.5237573908922206,17.740723095713033,0.1555682702562452
17.184103039169223,4.145371278808356,3.4116849956460475,17.572180978862555,0.22249927726256036
14.212322684489523,3.769923432178633,3.0562208439060448,15.738153751489586,0.37796523936912374
20.15171650160886,4.489066328492915,3.627831399433545,18.02279116435499,0.12966239757437048
19.474882778414678,4.413035551456013,3.5684650951988552,17.921841359195653,0.14581613922896852
